State,Unit,Year,Quantity_000Tonne,Value_INR,Data_Status
Andhra Pradesh,000tonne,2010-11,51333.0,81106100.0,Actual
Arunachal Pradesh,000tonne,2010-11,299.0,1106000.0,Actual
Assam,000tonne,2010-11,1101.0,4072600.0,Actual
Chhattisgarh,000tonne,2010-11,113824.0,58256200.0,Actual
Jammu & Kashmir,000tonne,2010-11,24.0,22400.0,Actual
Jharkhand,000tonne,2010-11,108949.0,185716200.0,Actual
Meghalaya,000tonne,2010-11,6974.0,25796800.0,Actual
Madhya Pradesh,000tonne,2010-11,71104.0,93673600.0,Actual
Maharashtra,000tonne,2010-11,39336.0,53628800.0,Actual
Odisha,000tonne,2010-11,102565.0,73545300.0,Actual
Uttar Pradesh,000tonne,2010-11,15526.0,15122300.0,Actual
Telangana,000tonne,2010-11,0.0,0.0,Actual
West Bengal,000tonne,2010-11,21659.0,28164100.0,Actual
Andhra Pradesh,000tonne,2011-12,52211.0,90008100.0,Actual
Arunachal Pradesh,000tonne,2011-12,221.0,1464100.0,Actual
Assam,000tonne,2011-12,602.0,3988000.0,Actual
Chhattisgarh,000tonne,2011-12,113958.0,70740300.0,Actual
Jammu & Kashmir,000tonne,2011-12,20.0,42500.0,Actual
Jharkhand,000tonne,2011-12,109566.0,139887600.0,Actual
Meghalaya,000tonne,2011-12,7206.0,47739800.0,Actual
Madhya Pradesh,000tonne,2011-12,71123.0,83305500.0,Actual
Maharashtra,000tonne,2011-12,39159.0,53112600.0,Actual
Odisha,000tonne,2011-12,105476.0,96399000.0,Actual
Uttar Pradesh,000tonne,2011-12,16178.0,34369500.0,Actual
Telangana,000tonne,2011-12,0.0,0.0,Actual
West Bengal,000tonne,2011-12,24230.0,80662100.0,Actual
Andhra Pradesh,000tonne,2012-13,53190.0,91695800.0,Actual
Arunachal Pradesh,000tonne,2012-13,73.0,483600.0,Actual
Assam,000tonne,2012-13,605.0,3591200.0,Actual
Chhattisgarh,000tonne,2012-13,117830.0,90750700.0,Actual
Jammu & Kashmir,000tonne,2012-13,19.0,40400.0,Actual
Jharkhand,000tonne,2012-13,111274.0,175665400.0,Actual
Meghalaya,000tonne,2012-13,5640.0,37365000.0,Actual
Madhya Pradesh,000tonne,2012-13,75948.0,93737900.0,Actual
Maharashtra,000tonne,2012-13,39134.0,62356800.0,Actual
Odisha,000tonne,2012-13,110132.0,47256800.0,Actual
Uttar Pradesh,000tonne,2012-13,16090.0,35844200.0,Actual
Telangana,000tonne,2012-13,0.0,0.0,Actual
West Bengal,000tonne,2012-13,26467.0,108398800.0,Actual
Andhra Pradesh,000tonne,2013-14,50469.0,73998000.0,Actual
Arunachal Pradesh,000tonne,2013-14,0.0,0.0,Actual
Assam,000tonne,2013-14,664.0,3392900.0,Actual
Chhattisgarh,000tonne,2013-14,127095.0,89275000.0,Actual
Jammu & Kashmir,000tonne,2013-14,19.0,40400.0,Actual
Jharkhand,000tonne,2013-14,113091.0,240509800.0,Actual
Meghalaya,000tonne,2013-14,5732.0,37974500.0,Actual
Madhya Pradesh,000tonne,2013-14,75590.0,111792700.0,Actual
Maharashtra,000tonne,2013-14,37223.0,57363500.0,Actual
Odisha,000tonne,2013-14,112917.0,150160600.0,Actual
Uttar Pradesh,000tonne,2013-14,14721.0,20046100.0,Actual
Telangana,000tonne,2013-14,0.0,0.0,Actual
West Bengal,000tonne,2013-14,28244.0,40794000.0,Actual
